name,url
Adjustable Grip Hitch,https://www.animatedknots.com/adjustable-grip-hitch-knot
Adjustable Sling Knot,https://www.animatedknots.com/adjustable-sling-knot
Albright Knot,https://www.animatedknots.com/albright-knot
Alpine Butterfly Bend,https://www.animatedknots.com/alpine-butterfly-bend-knot
Alpine Butterfly Loop,https://www.animatedknots.com/alpine-butterfly-loop-knot
Anchor Hitch,https://www.animatedknots.com/anchor-hitch-knot
Arbor Knot,https://www.animatedknots.com/arbor-knot
Ashley Bend,https://www.animatedknots.com/ashley-bend-knot
Ashley Stopper Knot,https://www.animatedknots.com/ashley-stopper-knot
Australian Braid Knot,https://www.animatedknots.com/australian-braid-knot
Back Splice,https://www.animatedknots.com/back-splice-knot
Barrel Hitch,https://www.animatedknots.com/barrel-hitch-knot
Basket Hitch,https://www.animatedknots.com/basket-hitch-knot
Beer Knot,https://www.animatedknots.com/beer-knot
Bimini Twist Knot,https://www.animatedknots.com/bimini-twist-knot
Blake’s Hitch,https://www.animatedknots.com/blakes-hitch-knot
Blood Knot,https://www.animatedknots.com/blood-knot
Boom Hitch,https://www.animatedknots.com/boom-hitch-knot
Bottle Sling,https://www.animatedknots.com/bottle-sling-knot
Bow Tie,https://www.animatedknots.com/tie-a-bow-tie
Bowline Knot,https://www.animatedknots.com/bowline-knot
Bowline on a Bight,https://www.animatedknots.com/bowline-on-a-bight-knot
Brummel Eye Splice,https://www.animatedknots.com/brummel-eye-splice-knot
Brummel Splice Demo,https://www.animatedknots.com/brummel-eye-splice-knot-demo
Buntline Hitch,https://www.animatedknots.com/buntline-hitch-knot
Butcher’s Knot,https://www.animatedknots.com/butchers-knot
Carrick Bend,https://www.animatedknots.com/carrick-bend-knot
Carrick Bend Mat,https://www.animatedknots.com/carrick-bend-mat-knot
Celtic Knot Mat,https://www.animatedknots.com/celtic-knot-mat
Chain Sinnet,https://www.animatedknots.com/chain-sinnet-knot
Chain Splice,https://www.animatedknots.com/chain-splice-knot
Cleat Hitch (Dock Line),https://www.animatedknots.com/cleat-hitch-knot-dock-line
Cleat Hitch (Halyard),https://www.animatedknots.com/cleat-hitch-halyard-knot
Clove Hitch – Half Hitches,https://www.animatedknots.com/clove-hitch-knot-half-hitches
Clove Hitch – Loops,https://www.animatedknots.com/clove-hitch-knot-using-loops
Clove Hitch – Rope End,https://www.animatedknots.com/clove-hitch-knot-rope-end
Cobra Lanyard Knot,https://www.animatedknots.com/cobra-lanyard-knot
Coil Attached Rope,https://www.animatedknots.com/coil-attached-rope-knot
Coil Unattached Rope,https://www.animatedknots.com/coil-unattached-rope-knot
Common Whipping Knot,https://www.animatedknots.com/common-whipping-knot
Constrictor – Around Forceps,https://www.animatedknots.com/constrictor-surgical-knot-around-forceps
Constrictor – Forceps Slide,https://www.animatedknots.com/constrictor-surgical-knot-forceps-slide
Constrictor – Howard Method,https://www.animatedknots.com/constrictor-surgical-knot-howard-method
Constrictor – Retrieving End,https://www.animatedknots.com/constrictor-surgical-knot-retrieving-end
Constrictor Knot (Folding Method),https://www.animatedknots.com/constrictor-knot-folding-method
Constrictor Knot (Rope End Method),https://www.animatedknots.com/constrictor-knot-rope-end-method
Constrictor Knot (Twisting Method),https://www.animatedknots.com/constrictor-knot-twisting-method
Cow Hitch – End Method,https://www.animatedknots.com/cow-hitch-knot-end-method
Cow Hitch – Loops Method,https://www.animatedknots.com/cow-hitch-knot-loops-method
Crown Knot,https://www.animatedknots.com/crown-knot
Crown Sinnet,https://www.animatedknots.com/crown-sinnet-knot
Curtain Tie-Back,https://www.animatedknots.com/curtain-tie-back-knot
Davy Knot,https://www.animatedknots.com/davy-knot
Distel Hitch,https://www.animatedknots.com/distel-hitch-knot
Double Alpine Butterfly Loop,https://www.animatedknots.com/double-alpine-butterfly-loop-knot
Double Davy Knot,https://www.animatedknots.com/double-davy-knot
Double Dragon Loop,https://www.animatedknots.com/double-dragon-loop
Double Fisherman’s Bend,https://www.animatedknots.com/double-fishermans-bend-knot
Double Matthew Walker Knot,https://www.animatedknots.com/double-matthew-walker-knot
Double Overhand Stopper,https://www.animatedknots.com/double-overhand-stopper-knot
Double Turle Knot,https://www.animatedknots.com/double-turle-knot
Dropper Loop Knot,https://www.animatedknots.com/dropper-loop-knot
Egg Loop Knot,https://www.animatedknots.com/egg-loop-knot
EStar Stopper Knot,https://www.animatedknots.com/estar-stopper-knot
Eye Splice,https://www.animatedknots.com/eye-splice-knot
Farmer’s Loop,https://www.animatedknots.com/farmers-loop-knot
Farrimond Friction Hitch,https://www.animatedknots.com/farrimond-friction-hitch-knot
FG Knot,https://www.animatedknots.com/fg-knot
Fiador Knot,https://www.animatedknots.com/fiador-knot
Figure 8 Bend,https://www.animatedknots.com/figure-8-bend-knot
Figure 8 Directional Loop,https://www.animatedknots.com/figure-8-directional-loop-knot
Figure 8 Double Loop,https://www.animatedknots.com/figure-8-double-loop-knot
Figure 8 Flake,https://www.animatedknots.com/figure-8-flake-knot
Figure 8 Follow Through Loop,https://www.animatedknots.com/figure-8-follow-through-loop-knot
Figure 8 Knot,https://www.animatedknots.com/figure-8-knot
Figure 9 Loop,https://www.animatedknots.com/figure-9-loop-knot
Flat Overhand Bend,https://www.animatedknots.com/flat-overhand-bend-knot
Flemish Flake,https://www.animatedknots.com/flemish-flake-knot
Four Strand Sinnet #2974,https://www.animatedknots.com/four-strand-sinnet-knot-2974
Four Strand Square Sinnet,https://www.animatedknots.com/four-strand-square-sinnet-knot
Four-in-Hand Necktie,https://www.animatedknots.com/tie-a-four-in-hand-necktie-knot
French Sinnet One,https://www.animatedknots.com/french-sinnet-knot-one
French Sinnet Two,https://www.animatedknots.com/french-sinnet-knot-two
Girth Hitch,https://www.animatedknots.com/girth-hitch-knot
Gnat Hitch,https://www.animatedknots.com/gnat-hitch-knot
Grog Sliding Splice,https://www.animatedknots.com/grog-sliding-splice-knot
Grog Sling,https://www.animatedknots.com/grog-sling-knot
Half Hitch Knot,https://www.animatedknots.com/half-hitch-knot
Half Knot,https://www.animatedknots.com/half-knot
Half Windsor Necktie Knot,https://www.animatedknots.com/tie-a-half-windsor-necktie-knot
Halter Hitch,https://www.animatedknots.com/halter-hitch-knot
Halyard Hitch,https://www.animatedknots.com/halyard-hitch-knot
Handcuff Knot,https://www.animatedknots.com/handcuff-knot
Hasty Harness,https://www.animatedknots.com/hasty-harness-knot
Heaving Line Knot,https://www.animatedknots.com/heaving-line-knot
Highwayman’s Hitch,https://www.animatedknots.com/highwaymans-hitch-knot
Honda Knot,https://www.animatedknots.com/honda-knot
Hunter’s Bend,https://www.animatedknots.com/hunters-bend-knot
Icicle Hitch (End Method),https://www.animatedknots.com/icicle-hitch-knot-end-method
Icicle Hitch (Loop Method),https://www.animatedknots.com/icicle-hitch-knot-loop-method
Improved Clinch Knot,https://www.animatedknots.com/improved-clinch-knot
Klemheist Knot,https://www.animatedknots.com/klemheist-knot
Lanyard Knot,https://www.animatedknots.com/lanyard-knot
Lashing Knot – Diagonal,https://www.animatedknots.com/diagonal-lashing-knot
Lashing Knot – Round,https://www.animatedknots.com/round-lashing-knot
Lashing Knot – Shear,https://www.animatedknots.com/shear-lashing-knot
Lashing Knot – Square,https://www.animatedknots.com/square-lashing-knot
Lashing Knot – Tripod,https://www.animatedknots.com/tripod-lashing-knot
Ligature – Instrument Technique,https://www.animatedknots.com/ligature-knot-instrument-technique
Ligature – One Hand,https://www.animatedknots.com/ligature-knot-one-hand-technique
Ligature – Two Hands,https://www.animatedknots.com/ligature-knot-two-hands-technique
Lighterman’s Hitch,https://www.animatedknots.com/lightermans-hitch-knot
Long Bury Splice,https://www.animatedknots.com/long-bury-splice-knot
Manger Hitch,https://www.animatedknots.com/manger-hitch-knot
Marlinspike Hitch,https://www.animatedknots.com/marlinspike-hitch-knot
Masthead Knot Mat,https://www.animatedknots.com/masthead-knot-mat
McDonald Brummel Splice,https://www.animatedknots.com/mcdonald-brummel-splice-knot
Midshipman’s Hitch,https://www.animatedknots.com/midshipmans-hitch-knot
Miller’s Knot,https://www.animatedknots.com/millers-knot
Monkey’s Fist Knot,https://www.animatedknots.com/monkeys-fist-knot
Mooring Hitch,https://www.animatedknots.com/mooring-hitch-knot
Munter Mule Combination Hitch,https://www.animatedknots.com/munter-mule-combination-hitch-knot
Nail Knot,https://www.animatedknots.com/nail-knot
Non-Slip Mono Knot,https://www.animatedknots.com/non-slip-mono-knot
Noose Knot,https://www.animatedknots.com/noose-knot
Ocean Plait Mat,https://www.animatedknots.com/ocean-plait-mat-knot
One-Handed Bowline,https://www.animatedknots.com/one-handed-bowline-knot
Orvis Knot,https://www.animatedknots.com/orvis-knot
Overhand Knot,https://www.animatedknots.com/overhand-knot
Package Tying Knot,https://www.animatedknots.com/package-tying-knot
Palomar Knot,https://www.animatedknots.com/palomar-knot
Perfection Loop Knot,https://www.animatedknots.com/perfection-loop-knot
Pile Hitch,https://www.animatedknots.com/pile-hitch-knot
Poacher’s Knot,https://www.animatedknots.com/poachers-knot
Pratt Necktie Knot,https://www.animatedknots.com/tie-a-pratt-necktie-knot
Prusik Knot,https://www.animatedknots.com/prusik-knot
Purcell Prusik Loop,https://www.animatedknots.com/purcell-prusik-loop-knot
Quick Hitch,https://www.animatedknots.com/quick-hitch-knot
Radium Release Hitch,https://www.animatedknots.com/radium-release-hitch-knot
Rapala Knot,https://www.animatedknots.com/rapala-knot
Rat-Tail Stopper Knot,https://www.animatedknots.com/rat-tail-stopper-knot
Ring Hitch,https://www.animatedknots.com/ring-hitch-knot
Rolling Hitch,https://www.animatedknots.com/rolling-hitch-knot
Round Turn & Two Half Hitches,https://www.animatedknots.com/round-turn-two-half-hitches-knot
Running Bowline,https://www.animatedknots.com/running-bowline-knot
Sailmaker’s Whipping,https://www.animatedknots.com/sailmakers-whipping-knot
San Diego Jam Knot,https://www.animatedknots.com/san-diego-jam-knot
Sheepshank,https://www.animatedknots.com/sheepshank-knot
Sheet Bend,https://www.animatedknots.com/sheet-bend-knot
Shoelace Bow,https://www.animatedknots.com/shoelace-bow-knot
Shoelace Bow (Fieggen Method),https://www.animatedknots.com/shoelace-bow-knot-fieggen-method
Shoelace Bow (Surgeon’s),https://www.animatedknots.com/shoelace-bow-knot-surgeons
Short Splice,https://www.animatedknots.com/short-splice-knot
Siberian Hitch,https://www.animatedknots.com/siberian-hitch-knot
Single Rope Braid,https://www.animatedknots.com/single-rope-braid-knot
Sliding Double Fisherman’s,https://www.animatedknots.com/sliding-double-fishermans-knot
Slim Beauty Knot,https://www.animatedknots.com/slim-beauty-knot
Slip Knot,https://www.animatedknots.com/slip-knot
Snell Knot,https://www.animatedknots.com/snell-knot
Soft Shackle,https://www.animatedknots.com/soft-shackle
Soft Shackle (Edwards),https://www.animatedknots.com/soft-shackle-knot-edwards
Soft Shackle (Stronger),https://www.animatedknots.com/soft-shackle-knot-stronger
Spanish Bowline,https://www.animatedknots.com/spanish-bowline-knot
Square Knot,https://www.animatedknots.com/square-knot
Stevedore Stopper,https://www.animatedknots.com/stevedore-stopper-knot
Stopper Loop,https://www.animatedknots.com/stopper-loop-knot
Strangle Knot – Using End,https://www.animatedknots.com/strangle-knot-using-end-method
Strangle Knot (Double Overhand),https://www.animatedknots.com/strangle-knot-double-overhand-method
Super Munter Hitch,https://www.animatedknots.com/super-munter-hitch-knot
Surgeon’s Join Knot,https://www.animatedknots.com/surgeons-join-knot
Surgeon’s Loop Knot,https://www.animatedknots.com/surgeons-loop-knot
Surgical Slip Tie,https://www.animatedknots.com/surgical-slip-tie-knot
Surgical Tie – Instrument Technique,https://www.animatedknots.com/surgical-tie-knot-instrument-technique
Surgical Tie – One Hand,https://www.animatedknots.com/surgical-tie-knot-one-hand-technique
Surgical Tie – Two Hands,https://www.animatedknots.com/surgical-tie-knot-two-hands-technique
Tensionless Hitch,https://www.animatedknots.com/tensionless-hitch-knot
Three Strand Braid,https://www.animatedknots.com/three-strand-braid-knot
Three Strand Braid (Alt),https://www.animatedknots.com/three-strand-braid-knot-alt
Timber Hitch,https://www.animatedknots.com/timber-hitch-knot
Tree Swing,https://www.animatedknots.com/tree-swing-knot
Trilene Knot,https://www.animatedknots.com/trilene-knot
Trucker’s Hitch,https://www.animatedknots.com/truckers-hitch-knot
Trucker’s Hitch – Quick Release,https://www.animatedknots.com/truckers-hitch-knot-quick-release
Tumble Hitch,https://www.animatedknots.com/tumble-hitch-knot
Turk’s Head Knot,https://www.animatedknots.com/turks-head-knot
Two Half Hitches,https://www.animatedknots.com/two-half-hitches-knot
Underwriter’s Knot,https://www.animatedknots.com/underwriters-knot
Uni Knot,https://www.animatedknots.com/uni-knot
Wall & Crown Knot,https://www.animatedknots.com/wall-crown-knot
Wall Knot,https://www.animatedknots.com/wall-knot
Water Bowline,https://www.animatedknots.com/water-bowline-knot
Water Knot,https://www.animatedknots.com/water-knot
West Country Whipping Knot,https://www.animatedknots.com/west-country-whipping-knot
Whoopie Sling,https://www.animatedknots.com/whoopie-sling-knot
Windsor Necktie Knot,https://www.animatedknots.com/tie-a-windsor-necktie-knot
Zeppelin Bend,https://www.animatedknots.com/zeppelin-bend-knot
